Date,Time,PT100_real_1,PT100_real_2,Bag_Height,ph_value,input_value,heater_status
20-01-17,0:00:02,35.7,35.6,148,7,12,1
20-01-17,0:01:02,35.75,35.7,148,7,12,1
20-01-17,0:02:02,35.7,35.6,148,8,12,1
20-01-17,0:03:02,35.7,35.7,148,8,12,1
20-01-17,0:04:02,35.7,35.6,148,7,12,1
20-01-17,0:05:02,35.7,35.7,148,7,12,1
20-01-17,0:06:02,35.7,35.6,148,7,12,1
20-01-17,0:07:02,35.6,35.6,148,7,12,1
20-01-17,0:08:02,35.6,35.6,148,8,12,1
20-01-17,0:09:02,35.6,35.6,148,7,12,1
20-01-17,0:10:02,35.6,35.6,148,7,12,1
20-01-17,0:11:02,35.6,35.6,148,6,12,1
20-01-17,0:12:02,35.6,35.7,148,7,12,1
20-01-17,0:13:02,35.7,35.7,148,8,12,1
20-01-17,0:14:02,35.9,35.6,148,8,12,1
20-01-17,0:15:02,36,35.6,148,7,12,1
20-01-17,0:16:02,36,35.6,148,7,12,1
20-01-17,0:17:02,36,35.6,148,8,12,1
20-01-17,0:18:02,36,35.6,148,6,12,1
20-01-17,0:19:02,36,35.6,148,8,12,1
20-01-17,0:20:02,36,35.6,148,6,12,1
20-01-17,0:21:03,35.7,35.6,148,8,12,1
20-01-17,0:22:03,35.7,35.6,148,6,12,1
20-01-17,0:23:03,35.7,35.6,148,8,12,1
20-01-17,0:24:03,35.7,35.6,148,7,12,1
20-01-17,0:25:03,35.7,35.6,148,6,12,1
20-01-17,0:26:03,35.6,35.6,148,6,12,1
20-01-17,0:27:03,35.6,35.6,148,8,12,1
20-01-17,0:28:03,35.6,35.6,148,8,12,1
20-01-17,0:29:03,35.6,35.6,148,6,12,1
20-01-17,0:30:03,35.6,35.5,148,8,12,1
20-01-17,0:31:03,35.6,35.5,148,7,12,1
20-01-17,0:32:03,35.6,35.5,148,8,12,1
20-01-17,0:33:03,35.6,35.5,148,7,12,1
20-01-17,0:34:03,35.6,35.5,148,8,12,1
20-01-17,0:35:03,35.5,35.5,148,8,12,1
20-01-17,0:36:03,35.5,35.5,148,8,12,1
20-01-17,0:37:03,35.5,35.6,148,8,12,1
20-01-17,0:38:03,35.45,35.6,148,7,12,1
20-01-17,0:39:03,35.5,35.6,148,8,12,1
20-01-17,0:40:03,35.5,35.6,148,6,12,1
20-01-17,0:41:03,35.85,35.5,148,7,12,1
20-01-17,0:42:03,35.9,35.5,148,6,12,1
20-01-17,0:43:03,35.9,35.5,148,8,12,1
20-01-17,0:44:04,35.9,35.5,148,6,12,1
20-01-17,0:45:04,35.9,35.5,148,7,12,1
20-01-17,0:46:04,35.9,35.5,148,7,12,1
20-01-17,0:47:04,35.9,35.5,148,7,12,1
20-01-17,0:48:04,35.6,35.5,148,6,12,1
20-01-17,0:49:04,35.6,35.5,148,8,12,1
20-01-17,0:50:04,35.6,35.5,148,6,12,1
20-01-17,0:51:04,35.6,35.5,148,8,12,1
20-01-17,0:52:04,35.5,35.5,148,6,12,1
20-01-17,0:53:04,35.5,35.5,148,7,12,1
20-01-17,0:54:04,35.5,35.5,148,7,12,1
20-01-17,0:55:04,35.5,35.45,148,8,12,1
20-01-17,0:56:04,35.6,35.5,148,7,12,1
20-01-17,0:57:04,35.5,35.45,148,6,12,1
20-01-17,0:58:04,35.5,35.45,148,7,12,1
20-01-17,0:59:04,35.45,35.45,148,7,12,1
20-01-17,1:00:04,35.5,35.45,148,7,12,1
20-01-17,1:01:04,35.5,35.45,149,8,12,1
20-01-17,1:02:04,35.45,35.45,149,6,12,1
20-01-17,1:03:04,35.35,35.35,148,7,12,1
20-01-17,1:04:04,35.3,35.45,149,7,12,1
20-01-17,1:05:04,35.3,35.45,149,8,12,1
20-01-17,1:06:05,35.35,35.45,149,8,12,1
20-01-17,1:07:05,35.5,35.45,149,6,12,1
20-01-17,1:08:05,35.85,35.45,149,7,12,1
20-01-17,1:09:05,35.85,35.45,149,8,12,1
20-01-17,1:10:05,35.85,35.45,149,6,12,1
20-01-17,1:11:05,35.85,35.45,149,6,12,1
20-01-17,1:12:05,35.85,35.45,149,7,12,1
20-01-17,1:13:05,35.85,35.45,149,6,12,1
20-01-17,1:14:05,35.85,35.45,149,8,12,1
20-01-17,1:15:05,35.5,35.45,149,6,12,1
20-01-17,1:16:05,35.5,35.45,149,7,12,1
20-01-17,1:17:05,35.5,35.45,149,7,12,1
20-01-17,1:18:05,35.45,35.45,149,7,12,1
20-01-17,1:19:05,35.45,35.45,149,7,12,1
20-01-17,1:20:05,35.45,35.45,149,7,12,1
20-01-17,1:21:05,35.45,35.35,149,8,12,0
20-01-17,1:22:05,35.45,35.45,149,7,12,0
20-01-17,1:23:05,35.45,35.45,149,6,12,0
20-01-17,1:24:05,35.45,35.35,149,8,12,0
20-01-17,1:25:05,35.45,35.45,149,8,12,0
20-01-17,1:26:05,35.45,35.3,149,6,12,0
20-01-17,1:27:05,35.35,35.35,149,7,12,0
20-01-17,1:28:05,35.35,35.35,149,7,12,0
20-01-17,1:29:06,35.35,35.35,149,6,12,0
20-01-17,1:30:06,35.35,35.35,149,7,12,0
20-01-17,1:31:06,35.3,35.35,149,7,12,0
20-01-17,1:32:06,35.3,35.35,149,6,12,0
20-01-17,1:33:06,35.3,35.35,149,6,12,0
20-01-17,1:34:06,35.3,35.35,149,6,12,0
20-01-17,1:35:06,35.7,35.3,149,8,12,0
20-01-17,1:36:06,35.75,35.35,150,8,12,0
20-01-17,1:37:06,35.75,35.35,150,6,12,0
20-01-17,1:38:06,35.75,35.35,150,7,12,0
20-01-17,1:39:06,35.75,35.35,150,6,12,0
20-01-17,1:40:06,35.75,35.35,150,8,12,0
20-01-17,1:41:06,35.75,35.3,150,8,12,0
20-01-17,1:42:06,35.45,35.35,150,7,12,0
20-01-17,1:43:06,35.45,35.35,150,8,12,0
20-01-17,1:44:06,35.45,35.35,150,8,12,0
20-01-17,1:45:06,35.35,35.35,150,6,12,0
20-01-17,1:46:06,35.35,35.35,150,8,12,0
20-01-17,1:47:06,35.35,35.35,150,6,12,0
20-01-17,1:48:06,35.35,35.35,150,7,12,0
20-01-17,1:49:06,35.35,35.35,150,6,12,0
20-01-17,1:50:06,35.3,35.35,150,7,12,0
20-01-17,1:51:06,35.35,35.35,150,7,12,0
20-01-17,1:52:07,35.35,35.35,150,8,12,0
20-01-17,1:53:07,35.3,35.35,150,8,12,0
20-01-17,1:54:07,35.35,35.3,150,8,12,0
20-01-17,1:55:07,35.3,35.3,150,6,12,0
20-01-17,1:56:07,35.3,35.3,150,6,12,0
20-01-17,1:57:07,35.3,35.3,150,8,12,0
20-01-17,1:58:07,35.3,35.3,150,6,12,0
20-01-17,1:59:07,35.2,35.3,150,6,12,0
20-01-17,2:00:07,35.3,35.3,150,8,12,0
20-01-17,2:01:07,35.3,35.3,150,7,12,0
20-01-17,2:02:07,35.6,35.3,150,8,12,0
20-01-17,2:03:07,35.7,35.3,150,6,12,0
20-01-17,2:04:07,35.7,35.3,150,8,12,0
20-01-17,2:05:07,35.7,35.3,150,6,12,0
20-01-17,2:06:07,35.7,35.3,150,7,12,0
20-01-17,2:07:07,35.7,35.3,150,8,12,0
20-01-17,2:08:07,35.7,35.3,150,6,12,0
20-01-17,2:09:07,35.35,35.3,150,6,12,0
20-01-17,2:10:07,35.35,35.3,150,7,12,0
20-01-17,2:11:07,35.35,35.3,150,6,12,0
20-01-17,2:12:07,35.3,35.3,150,7,12,0
20-01-17,2:13:07,35.3,35.3,150,6,12,0
20-01-17,2:14:07,35.3,35.3,150,8,12,0
20-01-17,2:15:08,35.3,35.3,150,8,12,0
20-01-17,2:16:08,35.3,35.3,150,7,12,0
20-01-17,2:17:08,35.3,35.3,150,6,12,0
20-01-17,2:18:08,35.3,35.3,150,7,12,0
20-01-17,2:19:08,35.3,35.3,150,7,12,0
20-01-17,2:20:08,35.3,35.3,150,8,12,0
20-01-17,2:21:08,35.3,35.3,150,6,12,0
20-01-17,2:22:08,35.3,35.3,151,6,12,0
20-01-17,2:23:08,35.2,35.3,151,7,12,0
20-01-17,2:24:08,35.2,35.2,151,6,12,0
20-01-17,2:25:08,35.1,35.3,151,6,12,0
20-01-17,2:26:08,35.1,35.2,151,7,12,0
20-01-17,2:27:08,35.1,35.3,151,7,12,0
20-01-17,2:28:08,35.1,35.3,151,8,12,0
20-01-17,2:29:08,35.5,35.2,151,7,12,0
20-01-17,2:30:08,35.6,35.2,151,6,12,0
20-01-17,2:31:08,35.6,35.2,151,8,12,0
20-01-17,2:32:08,35.6,35.2,151,6,12,0
20-01-17,2:33:08,35.6,35.2,151,8,12,0
20-01-17,2:34:08,35.5,35.2,151,6,12,0
20-01-17,2:35:08,35.6,35.2,151,6,12,0
20-01-17,2:36:08,35.3,35.2,151,7,12,0
20-01-17,2:37:08,35.3,35.2,151,6,12,0
20-01-17,2:38:09,35.5,35.2,151,6,12,0
20-01-17,2:39:09,35.5,35.1,152,7,12,0
20-01-17,2:40:09,35.45,35.1,152,7,12,0
20-01-17,2:41:09,35.3,35.1,152,7,12,0
20-01-17,2:42:09,35.2,35.1,152,6,12,0
20-01-17,2:43:09,35.2,35.1,152,8,12,0
20-01-17,2:44:09,35.2,35.1,152,7,12,0
20-01-17,2:45:09,35.2,35.1,151,8,13,0
20-01-17,2:46:09,35.2,35.1,152,8,13,0
20-01-17,2:47:09,35.2,35.1,151,7,13,0
20-01-17,2:48:09,35.2,35.1,152,7,13,0
20-01-17,2:49:09,35.1,35.1,152,8,13,0
20-01-17,2:50:09,35.1,35.1,152,6,13,0
20-01-17,2:51:09,35.1,35.1,152,7,13,0
20-01-17,2:52:09,35.1,35.1,152,8,13,0
20-01-17,2:53:09,35.1,35.1,152,8,13,0
20-01-17,2:54:09,35.1,35.1,152,7,13,0
20-01-17,2:55:09,35.05,35.1,152,8,13,0
20-01-17,2:56:09,35.35,35.05,152,6,13,0
20-01-17,2:57:09,35.45,35.05,152,7,13,0
20-01-17,2:58:09,35.45,35.05,152,7,13,0
20-01-17,2:59:09,35.45,35.05,152,7,13,0
20-01-17,3:00:09,35.35,35.05,152,7,13,0
20-01-17,3:01:10,35.45,35.05,152,6,13,0
20-01-17,3:02:10,35.45,35.05,152,6,13,0
20-01-17,3:03:10,35.2,35.05,152,6,13,0
20-01-17,3:04:10,35.1,35.05,152,6,13,0
20-01-17,3:05:10,35.1,35.05,152,6,13,0
20-01-17,3:06:10,35.1,35.05,152,7,13,0
20-01-17,3:07:10,35.05,35.05,152,7,13,0
20-01-17,3:08:10,35.05,35.05,152,6,13,0
20-01-17,3:09:10,35.05,35.05,152,8,13,0
20-01-17,3:10:10,35.1,35.05,152,6,13,0
20-01-17,3:11:10,35.05,35.05,152,7,13,0
20-01-17,3:12:10,35.05,34.95,153,6,13,0
20-01-17,3:13:10,35.05,34.95,153,8,13,0
20-01-17,3:14:10,35.05,34.95,153,7,13,0
20-01-17,3:15:10,35.05,35.05,153,7,13,0
20-01-17,3:16:10,34.95,35.05,153,7,13,0
20-01-17,3:17:10,34.95,34.95,153,7,13,0
20-01-17,3:18:10,35.05,35.05,153,8,13,0
20-01-17,3:19:10,35.05,35.05,153,7,13,0
20-01-17,3:20:10,35.05,35.05,153,6,13,0
20-01-17,3:21:10,34.95,35.05,153,8,13,0
20-01-17,3:22:10,34.85,35.05,153,6,13,0
20-01-17,3:23:10,35.3,34.95,153,8,13,0
20-01-17,3:24:11,35.35,34.95,153,8,13,0
20-01-17,3:25:11,35.35,34.95,153,7,13,0
20-01-17,3:26:11,35.35,34.95,153,8,13,0
20-01-17,3:27:11,35.35,34.95,153,6,13,0
20-01-17,3:28:11,35.35,34.95,153,6,13,0
20-01-17,3:29:11,35.35,34.95,153,6,13,0
20-01-17,3:30:11,35.1,34.95,153,6,13,0
20-01-17,3:31:11,35.05,34.95,153,7,13,0
20-01-17,3:32:11,35.05,34.95,153,8,13,0
20-01-17,3:33:11,35.05,34.95,153,6,13,0
20-01-17,3:34:11,35.05,34.95,153,6,13,0
20-01-17,3:35:11,34.95,34.95,153,7,13,0
20-01-17,3:36:11,34.95,34.95,153,7,13,0
20-01-17,3:37:11,35.05,34.95,153,6,13,0
20-01-17,3:38:11,34.95,34.95,153,6,13,0
20-01-17,3:39:11,34.95,34.95,153,6,13,0
20-01-17,3:40:11,34.95,34.95,153,6,13,0
20-01-17,3:41:11,34.95,34.95,153,7,13,0
20-01-17,3:42:11,34.95,34.95,153,7,13,0
20-01-17,3:43:11,34.85,34.95,153,7,13,0
20-01-17,3:44:11,34.95,34.95,153,7,13,0
20-01-17,3:45:11,34.85,34.95,153,6,13,0
20-01-17,3:46:11,34.85,34.95,153,8,13,0
20-01-17,3:47:12,34.8,34.95,153,8,13,0
20-01-17,3:48:12,34.8,34.95,153,6,13,0
20-01-17,3:49:12,34.85,34.95,153,6,13,0
20-01-17,3:50:12,35.3,34.85,153,6,13,0
20-01-17,3:51:12,35.3,34.85,154,8,13,0
20-01-17,3:52:12,35.3,34.85,154,7,13,0
20-01-17,3:53:12,35.3,34.85,154,7,13,0
20-01-17,3:54:12,35.3,34.85,154,8,13,0
20-01-17,3:55:12,35.3,34.85,154,6,13,0
20-01-17,3:56:12,35.3,34.85,154,6,13,0
20-01-17,3:57:12,35.05,34.85,154,6,13,0
20-01-17,3:58:12,34.95,34.85,154,7,13,0
20-01-17,3:59:12,34.95,34.85,154,7,13,0
20-01-17,4:00:12,34.95,34.85,154,8,13,0
20-01-17,4:01:12,34.95,34.85,155,7,13,0
20-01-17,4:02:12,34.85,34.85,155,7,13,0
20-01-17,4:03:12,34.85,34.85,155,6,13,0
20-01-17,4:04:12,34.85,34.85,155,6,13,0
20-01-17,4:05:12,34.85,34.85,155,7,13,0
20-01-17,4:06:12,34.85,34.85,155,6,13,0
20-01-17,4:07:12,34.85,34.8,155,8,13,0
20-01-17,4:08:12,34.85,34.85,155,7,13,0
20-01-17,4:09:13,34.85,34.8,155,6,13,0
20-01-17,4:10:13,34.85,34.8,155,7,13,0
20-01-17,4:11:13,34.8,34.8,155,6,13,0
20-01-17,4:12:13,34.8,34.85,155,8,13,0
20-01-17,4:13:13,34.8,34.85,155,8,13,0
20-01-17,4:14:13,34.8,34.85,155,6,13,0
20-01-17,4:15:13,34.8,34.8,155,8,13,0
20-01-17,4:16:13,34.8,34.85,155,6,13,0
20-01-17,4:17:13,35.1,34.8,155,7,13,0
20-01-17,4:18:13,35.2,34.8,155,8,13,0
20-01-17,4:19:13,35.2,34.8,155,6,13,0
20-01-17,4:20:13,35.2,34.8,156,6,13,0
20-01-17,4:21:13,35.2,34.8,156,7,13,0
20-01-17,4:22:13,35.2,34.8,156,8,13,0
20-01-17,4:23:13,35.2,34.8,156,7,13,0
20-01-17,4:24:13,34.95,34.8,156,7,13,0
20-01-17,4:25:13,34.85,34.8,156,8,13,0
20-01-17,4:26:13,34.95,34.8,156,7,13,0
20-01-17,4:27:13,34.85,34.8,156,7,13,0
20-01-17,4:28:13,34.85,34.8,156,8,13,0
20-01-17,4:29:13,34.8,34.8,156,7,13,0
20-01-17,4:30:13,34.8,34.8,156,8,13,0
20-01-17,4:31:13,34.8,34.8,156,6,13,0
20-01-17,4:32:14,34.8,34.8,156,8,13,0
20-01-17,4:33:14,34.8,34.8,156,7,13,0
20-01-17,4:34:14,34.8,34.8,156,8,13,0
20-01-17,4:35:14,34.7,34.8,156,8,13,0
20-01-17,4:36:14,34.7,34.8,156,7,13,0
20-01-17,4:37:14,34.7,34.8,156,8,13,0
20-01-17,4:38:14,34.7,34.8,156,6,13,0
20-01-17,4:39:14,34.7,34.8,156,8,13,0
20-01-17,4:40:14,34.7,34.8,156,7,13,0
20-01-17,4:41:14,34.7,34.8,156,6,13,0
20-01-17,4:42:14,34.65,34.8,156,8,13,0
20-01-17,4:43:14,34.65,34.8,156,6,13,0
20-01-17,4:44:14,35.05,34.7,156,6,13,0
20-01-17,4:45:14,35.1,34.7,156,7,13,0
20-01-17,4:46:14,35.1,34.7,156,8,13,0
20-01-17,4:47:14,35.1,34.7,156,6,13,0
20-01-17,4:48:14,35.1,34.7,156,7,13,0
20-01-17,4:49:14,35.1,34.7,156,8,13,0
20-01-17,4:50:14,35.1,34.7,156,7,13,0
20-01-17,4:51:14,34.85,34.7,156,8,13,0
20-01-17,4:52:14,34.8,34.7,156,8,13,0
20-01-17,4:53:14,34.8,34.7,156,8,13,0
20-01-17,4:54:14,34.8,34.7,156,7,13,0
20-01-17,4:55:15,34.8,34.7,156,6,13,0
20-01-17,4:56:15,34.7,34.7,156,8,13,0
20-01-17,4:57:15,34.7,34.7,157,6,13,0
20-01-17,4:58:15,34.7,34.7,156,6,13,0
20-01-17,4:59:15,34.7,34.7,157,8,13,0
20-01-17,5:00:15,34.7,34.7,157,7,13,0
20-01-17,5:01:15,34.7,34.7,157,7,13,0
20-01-17,5:02:15,34.7,34.65,157,7,13,0
20-01-17,5:03:15,34.7,34.65,156,8,13,0
20-01-17,5:04:15,34.7,34.7,157,8,14,0
20-01-17,5:05:15,34.7,34.7,157,7,14,0
20-01-17,5:06:15,34.65,34.7,157,6,14,0
20-01-17,5:07:15,34.65,34.65,157,8,14,0
20-01-17,5:08:15,34.7,34.65,157,8,14,0
20-01-17,5:09:15,34.65,34.65,157,7,14,0
20-01-17,5:10:15,34.65,34.65,157,8,14,0
20-01-17,5:11:15,34.95,34.65,157,8,14,0
20-01-17,5:12:15,35.05,34.65,157,8,14,0
20-01-17,5:13:15,35.05,34.65,157,8,14,0
20-01-17,5:14:15,35.05,34.65,157,7,14,0
20-01-17,5:15:15,35.05,34.65,157,7,14,0
20-01-17,5:16:15,35.05,34.65,157,7,14,0
20-01-17,5:17:16,35.05,34.65,157,6,14,0
20-01-17,5:18:16,34.8,34.65,157,6,14,0
20-01-17,5:19:16,34.7,34.65,157,7,14,0
20-01-17,5:20:16,34.7,34.65,157,7,14,0
20-01-17,5:21:16,34.7,34.65,157,6,14,0
20-01-17,5:22:16,34.7,34.65,157,6,14,0
20-01-17,5:23:16,34.65,34.65,157,7,14,0
20-01-17,5:24:16,34.65,34.65,157,7,14,0
20-01-17,5:25:16,34.65,34.65,157,6,14,0
20-01-17,5:26:16,34.65,34.65,157,8,14,0
20-01-17,5:27:16,34.65,34.65,157,7,14,0
20-01-17,5:28:16,34.65,34.65,157,7,14,0
20-01-17,5:29:16,34.55,34.65,157,7,14,0
20-01-17,5:30:16,34.65,34.65,157,8,14,0
20-01-17,5:31:16,34.65,34.65,157,7,14,0
20-01-17,5:32:16,34.55,34.65,157,6,14,0
20-01-17,5:33:16,34.55,34.65,157,6,14,0
20-01-17,5:34:16,34.65,34.65,157,6,14,0
20-01-17,5:35:16,34.55,34.65,157,7,14,0
20-01-17,5:36:16,34.55,34.65,157,8,14,0
20-01-17,5:37:16,34.55,34.65,157,8,14,0
20-01-17,5:38:16,34.85,34.55,157,6,14,0
20-01-17,5:39:16,34.95,34.55,157,7,14,0
20-01-17,5:40:17,34.95,34.55,157,8,14,0
20-01-17,5:41:17,34.95,34.55,157,6,14,0
20-01-17,5:42:17,34.95,34.55,158,8,14,0
20-01-17,5:43:17,34.95,34.55,157,7,14,0
20-01-17,5:44:17,34.95,34.55,158,6,14,0
20-01-17,5:45:17,34.7,34.55,158,7,14,0
20-01-17,5:46:17,34.65,34.55,158,7,14,0
20-01-17,5:47:17,34.65,34.55,158,7,14,0
20-01-17,5:48:17,34.65,34.55,158,7,14,0
20-01-17,5:49:17,34.55,34.55,158,7,14,0
20-01-17,5:50:17,34.55,34.55,158,6,14,0
20-01-17,5:51:17,34.55,34.55,158,8,14,0
20-01-17,5:52:17,34.55,34.55,158,6,14,0
20-01-17,5:53:17,34.55,34.55,157,6,14,0
20-01-17,5:54:17,34.55,34.45,157,8,14,0
20-01-17,5:55:17,34.55,34.55,157,6,14,0
20-01-17,5:56:17,34.55,34.55,157,7,14,1
20-01-17,5:57:17,34.45,34.55,157,6,14,1
20-01-17,5:58:17,34.55,34.4,157,7,14,1
20-01-17,5:59:17,34.45,34.4,157,7,14,1
20-01-17,6:00:17,34.4,34.45,157,6,14,1
20-01-17,6:01:17,34.4,34.55,158,7,14,1
20-01-17,6:02:17,34.4,34.45,158,8,14,1
20-01-17,6:03:18,34.4,34.55,158,8,14,1
20-01-17,6:04:18,34.45,34.45,158,6,14,1
20-01-17,6:05:18,34.8,34.45,158,8,14,1
20-01-17,6:06:18,34.85,34.45,158,7,14,1
20-01-17,6:07:18,34.85,34.45,158,8,14,1
20-01-17,6:08:18,34.85,34.45,158,8,14,1
20-01-17,6:09:18,34.85,34.45,158,7,14,1
20-01-17,6:10:18,34.85,34.45,158,7,14,1
20-01-17,6:11:18,34.85,34.45,158,8,14,1
20-01-17,6:12:18,34.65,34.45,158,7,14,1
20-01-17,6:13:18,34.55,34.45,158,8,14,1
20-01-17,6:14:18,34.55,34.45,158,6,14,1
20-01-17,6:15:18,34.55,34.45,158,8,14,1
20-01-17,6:16:18,34.55,34.45,158,6,14,1
20-01-17,6:17:18,34.45,34.45,158,6,14,1
20-01-17,6:18:18,34.45,34.45,158,8,14,1
20-01-17,6:19:18,34.45,34.45,158,6,14,1
20-01-17,6:20:18,34.55,34.45,158,7,14,1
20-01-17,6:21:18,34.45,34.45,158,8,14,1
20-01-17,6:22:18,34.45,34.45,158,6,14,1
20-01-17,6:23:18,34.45,34.4,158,8,14,1
20-01-17,6:24:18,34.4,34.4,158,8,14,1
20-01-17,6:25:18,34.45,34.4,158,7,14,1
20-01-17,6:26:19,34.45,34.4,158,6,14,1
20-01-17,6:27:19,34.4,34.4,158,6,14,1
20-01-17,6:28:19,34.3,34.4,158,8,14,1
20-01-17,6:29:19,34.3,34.4,158,7,14,1
20-01-17,6:30:19,34.3,34.45,158,7,14,1
20-01-17,6:31:19,34.3,34.45,158,7,14,1
20-01-17,6:32:19,34.7,34.4,158,8,14,1
20-01-17,6:33:19,34.8,34.4,158,6,14,1
20-01-17,6:34:19,34.8,34.4,158,7,14,1
20-01-17,6:35:19,34.8,34.4,158,8,14,1
20-01-17,6:36:19,34.8,34.4,158,7,14,1
20-01-17,6:37:19,34.8,34.4,158,7,14,1
20-01-17,6:38:19,34.8,34.4,158,6,14,1
20-01-17,6:39:19,34.7,34.4,159,7,14,1
20-01-17,6:40:19,34.7,34.4,159,6,14,1
20-01-17,6:41:19,34.7,34.3,159,7,14,1
20-01-17,6:42:19,34.45,34.4,159,6,14,1
20-01-17,6:43:19,34.4,34.4,159,8,14,1
20-01-17,6:44:19,34.4,34.3,159,8,14,1
20-01-17,6:45:19,34.4,34.3,159,8,14,1
20-01-17,6:46:19,34.3,34.3,159,6,14,1
20-01-17,6:47:19,34.3,34.3,159,8,14,1
20-01-17,6:48:19,34.3,34.3,159,6,14,1
20-01-17,6:49:20,34.3,34.3,159,8,14,1
20-01-17,6:50:20,34.3,34.3,159,6,14,1
20-01-17,6:51:20,34.3,34.3,159,6,14,1
20-01-17,6:52:20,34.3,34.3,159,6,14,1
20-01-17,6:53:20,34.3,34.3,159,8,14,1
20-01-17,6:54:20,34.3,34.3,159,7,14,1
20-01-17,6:55:20,34.3,34.3,159,6,14,1
20-01-17,6:56:20,34.3,34.3,159,7,14,1
20-01-17,6:57:20,34.3,34.3,159,8,14,1
20-01-17,6:58:20,34.3,34.3,160,8,14,1
20-01-17,6:59:20,34.55,34.25,160,6,14,1
20-01-17,7:00:20,34.65,34.3,160,6,14,1
20-01-17,7:01:20,34.65,34.25,160,6,14,1
20-01-17,7:02:20,34.65,34.3,160,7,14,1
20-01-17,7:03:20,34.65,34.3,160,8,14,1
20-01-17,7:04:20,34.65,34.25,160,6,14,1
20-01-17,7:05:20,34.65,34.25,160,7,14,1
20-01-17,7:06:20,34.4,34.3,160,7,14,1
20-01-17,7:07:20,34.3,34.3,160,8,14,1
20-01-17,7:08:20,34.3,34.3,160,8,14,1
20-01-17,7:09:20,34.3,34.25,160,7,14,1
20-01-17,7:10:20,34.3,34.25,160,6,14,1
20-01-17,7:11:20,34.25,34.25,160,8,14,1
20-01-17,7:12:21,34.25,34.25,160,6,14,1
20-01-17,7:13:21,34.25,34.25,160,8,14,1
20-01-17,7:14:21,34.25,34.25,160,8,14,1
20-01-17,7:15:21,34.25,34.25,160,6,14,1
20-01-17,7:16:21,34.25,34.25,160,6,14,1
20-01-17,7:17:21,34.25,34.25,160,7,14,1
20-01-17,7:18:21,34.3,34.25,160,6,14,1
20-01-17,7:19:21,34.25,34.25,160,7,14,1
20-01-17,7:20:21,34.25,34.25,160,7,14,1
20-01-17,7:21:21,34.15,34.25,160,8,14,1
20-01-17,7:22:21,34.15,34.25,160,8,14,1
20-01-17,7:23:21,34.15,34.25,160,6,14,1
20-01-17,7:24:21,34.15,34.25,160,7,14,1
20-01-17,7:25:21,34.15,34.25,160,8,14,1
20-01-17,7:26:21,34.45,34.25,160,7,14,1
20-01-17,7:27:21,34.55,34.25,160,6,14,1
20-01-17,7:28:21,34.55,34.25,160,7,14,1
20-01-17,7:29:21,34.55,34.25,160,6,14,1
20-01-17,7:30:21,34.55,34.25,160,8,14,1
20-01-17,7:31:21,34.55,34.25,160,7,14,1
20-01-17,7:32:21,34.55,34.15,160,7,14,1
20-01-17,7:33:21,34.3,34.25,160,7,14,1
20-01-17,7:34:22,34.3,34.25,160,8,14,1
20-01-17,7:35:22,34.3,34.25,160,6,14,1
20-01-17,7:36:22,34.25,34.25,160,7,14,1
20-01-17,7:37:22,34.25,34.25,160,7,14,1
20-01-17,7:38:22,34.25,34.15,160,8,14,1
20-01-17,7:39:22,34.25,34.25,160,7,14,1
20-01-17,7:40:22,34.25,34.25,161,6,14,1
20-01-17,7:41:22,34.25,34.25,160,8,14,1
20-01-17,7:42:22,34.25,34.25,161,8,14,1
20-01-17,7:43:22,34.15,34.15,161,6,14,1
20-01-17,7:44:22,34.15,34.15,161,7,14,1
20-01-17,7:45:22,34.15,34.15,161,8,14,1
20-01-17,7:46:22,34.15,34.15,161,8,14,1
20-01-17,7:47:22,34.15,34.25,161,7,14,1
20-01-17,7:48:22,34.05,34.15,161,7,14,1
20-01-17,7:49:22,34.05,34.15,161,6,14,1
20-01-17,7:50:22,34.05,34.15,161,6,14,1
20-01-17,7:51:22,34.05,34.15,161,8,14,1
20-01-17,7:52:22,34.15,34.15,161,7,14,1
20-01-17,7:53:22,34.4,34.15,161,6,14,1
20-01-17,7:54:22,34.45,34.15,161,8,14,1
20-01-17,7:55:22,34.45,34.15,161,6,14,1
20-01-17,7:56:22,34.45,34.15,161,7,14,1
20-01-17,7:57:23,34.45,34.15,161,8,14,1
20-01-17,7:58:23,34.45,34.15,161,8,14,1
20-01-17,7:59:23,34.45,34.05,161,8,14,1
20-01-17,8:00:23,34.25,34.15,161,6,14,1
20-01-17,8:01:23,34.25,34.15,161,6,14,1
20-01-17,8:02:23,34.25,34.15,161,7,14,1
20-01-17,8:03:23,34.15,34.15,161,8,14,1
20-01-17,8:04:23,34.15,34.05,161,6,14,1
20-01-17,8:05:23,34.15,34.15,161,8,14,1
20-01-17,8:06:23,34.05,34.05,161,7,14,1
20-01-17,8:07:23,34.05,34.05,161,7,14,1
20-01-17,8:08:23,34.05,34.05,161,6,14,1
20-01-17,8:09:23,34.15,34.05,162,8,14,1
20-01-17,8:10:23,34.05,34.15,161,7,14,1
20-01-17,8:11:23,34.15,34.05,161,6,14,1
20-01-17,8:12:23,34.15,34.05,161,6,14,1
20-01-17,8:13:23,34.05,34.05,161,8,14,1
20-01-17,8:14:23,34.05,34.05,162,6,14,1
20-01-17,8:15:23,34.05,34.05,162,7,14,1
20-01-17,8:16:23,34,34.05,162,7,14,1
20-01-17,8:17:23,34,34.05,162,6,14,1
20-01-17,8:18:23,34,34.05,162,8,14,1
20-01-17,8:19:23,34.25,34.05,162,6,14,1
20-01-17,8:20:24,34.55,34.05,162,8,14,1
20-01-17,8:21:24,34.65,34.05,162,8,14,1
20-01-17,8:22:24,34.55,34.05,162,8,14,1
20-01-17,8:23:24,34.55,34.05,162,8,14,1
20-01-17,8:24:24,34.55,34.05,162,8,14,1
20-01-17,8:25:24,34.55,34.05,162,6,14,1
20-01-17,8:26:24,34.65,34.05,162,6,14,1
20-01-17,8:27:24,34.3,34.05,162,7,14,1
20-01-17,8:28:24,34.15,34.05,163,8,14,1
20-01-17,8:29:24,34.4,34.05,163,8,14,1
20-01-17,8:30:24,34.55,34.05,163,8,14,1
20-01-17,8:31:24,34.65,34.05,163,6,14,1
20-01-17,8:32:24,34.55,34.05,163,8,14,1
20-01-17,8:33:24,34.55,34,163,6,14,1
20-01-17,8:34:24,34.3,33.9,163,8,14,1
20-01-17,8:35:24,34.4,33.9,163,6,14,1
20-01-17,8:36:24,34.3,33.9,162,6,14,1
20-01-17,8:37:24,34.15,34,162,8,14,1
20-01-17,8:38:24,34,34,161,6,14,1
20-01-17,8:39:24,34.25,33.9,161,7,14,1
20-01-17,8:40:24,34.4,33.9,161,6,14,1
20-01-17,8:41:24,34.4,34,161,8,14,1
20-01-17,8:42:24,34.4,34,161,6,14,0
20-01-17,8:43:25,34.4,34,160,8,14,0
20-01-17,8:44:25,34.4,34,160,8,14,0
20-01-17,8:45:25,34.4,34,160,8,14,0
20-01-17,8:46:25,34.4,34,160,7,14,0
20-01-17,8:47:25,34.15,34,160,8,14,0
20-01-17,8:48:25,34.05,34.05,159,7,14,0
20-01-17,8:49:25,34.3,34,159,6,14,0
20-01-17,8:50:25,34.4,34,159,7,14,0
20-01-17,8:51:25,34.4,34,159,7,14,0
20-01-17,8:52:25,34.4,34,158,6,14,0
20-01-17,8:53:25,34.4,34,158,8,14,0
20-01-17,8:54:25,34.4,34,158,6,14,0
20-01-17,8:55:25,34.45,34,158,8,14,0
20-01-17,8:56:25,34.45,34,158,8,14,0
20-01-17,8:57:25,34.25,34.05,158,6,14,0
20-01-17,8:58:25,34.05,34.05,158,8,14,0
20-01-17,8:59:25,34.3,34,157,7,14,0
20-01-17,9:00:25,34.45,34.05,157,7,14,0
20-01-17,9:01:25,34.45,34.05,157,7,14,0
20-01-17,9:02:25,34.45,34.05,157,8,14,0
20-01-17,9:03:25,34.45,34.05,156,6,14,0
20-01-17,9:04:25,34.45,34.05,156,6,14,0
20-01-17,9:05:26,34.45,34.05,156,8,14,0
20-01-17,9:06:26,34.45,34.05,156,8,14,0
20-01-17,9:07:26,34.25,34.05,156,8,14,0
20-01-17,9:08:26,34.15,34.05,155,7,14,0
20-01-17,9:09:26,34.3,34.05,155,6,14,0
20-01-17,9:10:26,34.45,34.05,154,7,14,0
20-01-17,9:11:26,34.45,34.05,154,8,14,0
20-01-17,9:12:26,34.45,34.05,154,8,14,0
20-01-17,9:13:26,34.55,34.05,154,6,14,0
20-01-17,9:14:26,34.55,34.05,154,6,14,0
20-01-17,9:15:26,34.55,34.05,153,8,14,0
20-01-17,9:16:26,34.55,34.05,153,6,14,0
20-01-17,9:17:26,34.3,34.15,153,6,14,0
20-01-17,9:18:26,34.15,34.15,153,6,14,0
20-01-17,9:19:26,34.4,34.05,153,7,14,0
20-01-17,9:20:26,34.45,34.05,152,8,14,0
20-01-17,9:21:26,34.45,34.05,152,7,14,0
20-01-17,9:22:26,34.45,34.05,152,6,14,0
20-01-17,9:23:26,34.55,34.15,152,6,14,0
20-01-17,9:24:26,34.55,34.15,152,6,14,0
20-01-17,9:25:26,34.55,34.15,151,7,14,0
20-01-17,9:26:26,34.55,34.15,151,6,14,0
20-01-17,9:27:26,34.3,34.15,151,8,14,0
20-01-17,9:28:26,34.25,34.15,150,7,14,0
20-01-17,9:29:27,34.4,34.15,150,7,14,0
20-01-17,9:30:27,34.55,34.15,150,8,14,0
20-01-17,9:31:27,34.55,34.15,149,6,14,0
20-01-17,9:32:27,34.55,34.15,149,8,14,0
20-01-17,9:33:27,34.55,34.15,149,6,14,0
20-01-17,9:34:27,34.55,34.15,149,6,14,0
20-01-17,9:35:27,34.55,34.15,149,8,14,0
20-01-17,9:36:27,34.55,34.15,149,7,14,0
20-01-17,9:37:27,34.3,34.25,148,6,14,0
20-01-17,9:38:27,34.25,34.25,148,6,14,0
20-01-17,9:39:27,34.45,34.15,148,7,14,0
20-01-17,9:40:27,34.55,34.15,148,7,14,0
20-01-17,9:41:27,34.65,34.15,148,6,14,0
20-01-17,9:42:27,34.65,34.15,147,8,14,0
20-01-17,9:43:27,34.65,34.15,147,7,14,0
20-01-17,9:44:27,34.65,34.25,147,8,14,0
20-01-17,9:45:27,34.65,34.25,146,7,14,0
20-01-17,9:46:27,34.65,34.25,146,6,14,0
20-01-17,9:47:27,34.4,34.25,146,6,14,0
20-01-17,9:48:27,34.3,34.25,146,6,14,0
20-01-17,9:49:27,34.45,34.25,145,7,14,0
20-01-17,9:50:27,34.65,34.25,145,7,14,0
20-01-17,9:51:28,34.65,34.25,145,7,14,0
20-01-17,9:52:28,34.65,34.25,144,7,14,0
20-01-17,9:53:28,34.65,34.25,144,6,14,0
20-01-17,9:54:28,34.65,34.25,144,7,14,0
20-01-17,9:55:28,34.65,34.25,144,6,14,0
20-01-17,9:56:28,34.65,34.25,144,8,14,0
20-01-17,9:57:28,34.4,34.25,143,7,14,0
20-01-17,9:58:28,34.3,34.3,144,7,14,0
20-01-17,9:59:28,34.55,34.25,144,7,14,0
20-01-17,10:00:28,34.65,34.25,144,6,14,0
20-01-17,10:01:28,34.8,34.4,144,8,14,0
20-01-17,10:02:28,34.85,34.4,144,6,14,0
20-01-17,10:03:28,34.7,34.25,144,7,14,0
20-01-17,10:04:28,34.7,34.25,143,8,14,0
20-01-17,10:05:28,34.7,34.3,143,7,14,0
20-01-17,10:06:28,34.7,34.3,143,8,14,0
20-01-17,10:07:28,34.45,34.3,143,8,14,0
20-01-17,10:08:28,34.4,34.3,142,6,14,0
20-01-17,10:09:28,34.55,34.3,142,6,14,0
20-01-17,10:10:28,34.7,34.3,142,7,14,0
20-01-17,10:11:28,34.7,34.3,142,8,14,0
20-01-17,10:12:28,34.7,34.3,141,7,14,0
20-01-17,10:13:28,34.7,34.3,141,8,14,0
20-01-17,10:14:29,34.7,34.3,141,6,14,0
20-01-17,10:15:29,34.7,34.3,141,7,14,0
20-01-17,10:16:29,34.7,34.3,141,7,14,0
20-01-17,10:17:29,34.45,34.4,140,7,14,0
20-01-17,10:18:29,34.4,34.4,140,6,14,0
20-01-17,10:19:29,34.65,34.3,140,6,14,0
20-01-17,10:20:29,34.7,34.3,139,6,14,0
20-01-17,10:21:29,34.8,34.4,139,6,14,0
20-01-17,10:22:29,34.8,34.3,139,6,14,0
20-01-17,10:23:29,34.8,34.4,139,8,14,0
20-01-17,10:24:29,34.8,34.3,137,6,14,0
20-01-17,10:25:29,34.8,34.4,137,6,14,0
20-01-17,10:26:29,34.8,34.4,137,8,14,0
20-01-17,10:27:29,34.55,34.4,136,8,14,0
20-01-17,10:28:29,34.45,34.4,136,6,14,0
20-01-17,10:29:29,34.65,34.4,136,7,14,0
20-01-17,10:30:29,34.8,34.4,136,6,14,0
20-01-17,10:31:29,34.8,34.4,136,8,14,0
20-01-17,10:32:29,34.8,34.4,136,6,14,0
20-01-17,10:33:29,34.8,34.4,135,7,14,0
20-01-17,10:34:29,34.8,34.4,135,8,14,0
20-01-17,10:35:29,34.8,34.4,135,8,14,0
20-01-17,10:36:29,34.8,34.4,135,6,14,0
20-01-17,10:37:30,34.65,34.45,134,7,14,0
20-01-17,10:38:30,34.55,34.45,134,6,14,0
20-01-17,10:39:30,34.7,34.4,133,8,14,0
20-01-17,10:40:30,34.8,34.4,133,6,14,0
20-01-17,10:41:30,34.8,34.4,133,8,14,0
20-01-17,10:42:30,34.7,34.4,133,6,14,0
20-01-17,10:43:30,34.7,34.4,132,6,14,0
20-01-17,10:44:30,34.8,34.4,132,6,14,0
20-01-17,10:45:30,34.8,34.4,132,8,14,0
20-01-17,10:46:30,34.8,34.4,131,8,14,0
20-01-17,10:47:30,34.55,34.4,131,6,14,0
20-01-17,10:48:30,34.45,34.4,131,7,14,0
20-01-17,10:49:30,34.7,34.4,130,8,14,0
20-01-17,10:50:30,34.8,34.4,130,8,14,0
20-01-17,10:51:30,34.8,34.4,129,6,14,0
20-01-17,10:52:30,34.8,34.4,129,7,14,0
20-01-17,10:53:30,34.8,34.4,129,6,14,0
20-01-17,10:54:30,34.85,34.4,129,7,14,0
20-01-17,10:55:30,34.85,34.4,129,8,14,0
20-01-17,10:56:30,34.8,34.4,128,7,14,0
20-01-17,10:57:30,34.65,34.45,128,7,14,0
20-01-17,10:58:30,34.65,34.45,128,7,14,0
20-01-17,10:59:30,34.85,34.55,128,6,14,0
20-01-17,11:00:31,35.05,34.55,128,8,14,0
20-01-17,11:01:31,35.05,34.55,128,6,14,0
20-01-17,11:02:31,35.05,34.55,128,6,14,0
20-01-17,11:03:31,35.05,34.55,128,6,14,0
20-01-17,11:04:31,35.05,34.55,128,6,14,0
20-01-17,11:05:31,35.05,34.55,128,6,14,0
20-01-17,11:06:31,35.05,34.55,128,7,14,0
20-01-17,11:07:31,34.85,34.65,128,7,14,0
20-01-17,11:08:31,34.7,34.65,129,7,14,0
20-01-17,11:09:31,34.95,34.65,129,8,14,0
20-01-17,11:10:31,35.1,34.65,129,8,14,0
20-01-17,11:11:31,35.1,34.65,129,8,14,0
20-01-17,11:12:31,35.1,34.65,130,8,14,0
20-01-17,11:13:31,35.1,34.65,130,6,14,0
20-01-17,11:14:31,35.1,34.65,130,8,14,0
20-01-17,11:15:31,35.1,34.65,130,8,14,0
20-01-17,11:16:31,34.95,34.55,130,6,14,0
20-01-17,11:17:31,34.7,34.55,129,7,14,0
20-01-17,11:18:31,34.65,34.55,129,7,14,0
20-01-17,11:19:31,34.8,34.45,129,6,14,0
20-01-17,11:20:31,34.95,34.55,128,7,14,0
20-01-17,11:21:31,34.95,34.55,128,7,14,0
20-01-17,11:22:31,34.95,34.55,128,8,14,0
20-01-17,11:23:32,34.95,34.55,127,8,14,0
20-01-17,11:24:32,34.95,34.55,127,7,14,0
20-01-17,11:25:32,34.95,34.55,127,7,14,0
20-01-17,11:26:32,34.95,34.55,127,7,14,0
20-01-17,11:27:32,34.8,34.65,127,7,14,0
20-01-17,11:28:32,34.7,34.65,127,6,14,0
20-01-17,11:29:32,34.85,34.55,126,8,14,0
20-01-17,11:30:32,34.95,34.55,126,6,14,0
20-01-17,11:31:32,35.05,34.55,126,7,14,0
20-01-17,11:32:32,35.05,34.55,125,7,14,0
20-01-17,11:33:32,35.05,34.65,125,7,14,0
20-01-17,11:34:32,34.95,34.55,125,8,14,0
20-01-17,11:35:32,34.95,34.55,125,7,14,0
20-01-17,11:36:32,34.95,34.55,125,7,14,0
20-01-17,11:37:32,34.8,34.65,124,6,14,0
20-01-17,11:38:32,34.7,34.65,124,6,14,0
20-01-17,11:39:32,34.95,34.65,124,7,14,0
20-01-17,11:40:32,35.05,34.65,124,8,14,0
20-01-17,11:41:32,35.2,34.7,124,7,14,0
20-01-17,11:42:32,35.2,34.8,124,7,14,0
20-01-17,11:43:32,35.2,34.8,124,6,14,0
20-01-17,11:44:32,35.2,34.8,124,6,14,0
20-01-17,11:45:32,35.05,34.65,124,6,14,0
20-01-17,11:46:33,35.05,34.65,124,7,14,0
20-01-17,11:47:33,34.85,34.7,123,7,14,0
20-01-17,11:48:33,34.8,34.7,123,8,14,0
20-01-17,11:49:33,34.95,34.65,123,8,14,0
20-01-17,11:50:33,35.05,34.65,123,8,14,0
20-01-17,11:51:33,35.1,34.65,123,6,14,0
20-01-17,11:52:33,35.05,34.65,123,8,14,0
20-01-17,11:53:33,35.05,34.7,122,7,14,0
20-01-17,11:54:33,35.1,34.7,122,6,14,0
20-01-17,11:55:33,35.1,34.7,122,6,14,0
20-01-17,11:56:33,35.1,34.7,122,8,14,0
20-01-17,11:57:33,34.95,34.8,122,7,14,0
20-01-17,11:58:33,34.85,34.8,122,7,14,0
20-01-17,11:59:33,35.05,34.7,122,7,14,0
20-01-17,12:00:33,35.1,34.7,122,6,14,0
20-01-17,12:01:33,35.1,34.7,122,7,14,0
20-01-17,12:02:33,35.1,34.7,122,7,14,0
20-01-17,12:03:33,35.1,34.7,121,6,14,0
20-01-17,12:04:33,35.2,34.7,122,7,14,0
20-01-17,12:05:33,35.2,34.8,121,7,14,0
20-01-17,12:06:33,35.3,34.85,122,7,14,0
20-01-17,12:07:33,35.2,34.95,122,6,14,0
20-01-17,12:08:33,35.1,34.95,122,7,14,0
20-01-17,12:09:34,35.3,34.85,122,6,14,0
20-01-17,12:10:34,35.3,34.95,122,7,14,0
20-01-17,12:11:34,35.3,34.95,122,7,14,0
20-01-17,12:12:34,35.35,34.95,122,7,14,0
20-01-17,12:13:34,35.35,34.95,122,6,14,0
20-01-17,12:14:34,35.3,34.85,122,7,14,0
20-01-17,12:15:34,35.2,34.8,122,8,14,0
20-01-17,12:16:34,35.2,34.8,123,6,14,0
20-01-17,12:17:34,35.05,34.85,123,8,14,0
20-01-17,12:18:34,34.95,34.85,122,8,15,0
20-01-17,12:19:34,35.1,34.8,122,7,15,0
20-01-17,12:20:34,35.2,34.85,122,6,15,0
20-01-17,12:21:34,35.3,34.85,121,7,15,0
20-01-17,12:22:34,35.2,34.85,121,8,15,0
20-01-17,12:23:34,35.35,34.95,122,6,15,0
20-01-17,12:24:34,35.35,34.95,122,7,15,0
20-01-17,12:25:34,35.35,35.05,122,8,15,0
20-01-17,12:26:34,35.1,34.85,122,8,15,0
20-01-17,12:27:34,35.2,34.85,122,6,15,0
20-01-17,12:28:34,35.2,34.8,122,7,15,0
20-01-17,12:29:34,35.2,34.8,122,8,15,0
20-01-17,12:30:34,35.2,34.8,121,7,15,0
20-01-17,12:31:34,35.2,34.8,121,8,15,0
20-01-17,12:32:35,35.2,34.8,121,7,15,0
20-01-17,12:33:35,35.2,34.8,121,8,15,0
20-01-17,12:34:35,35.2,34.8,121,6,15,0
20-01-17,12:35:35,35.2,34.85,120,7,15,0
20-01-17,12:36:35,35.2,34.85,120,7,15,0
20-01-17,12:37:35,35.05,34.85,120,7,15,0
20-01-17,12:38:35,35.05,34.95,120,6,15,0
20-01-17,12:39:35,35.3,34.85,120,6,15,0
20-01-17,12:40:35,35.3,34.85,120,8,15,0
20-01-17,12:41:35,35.3,34.85,120,6,15,0
20-01-17,12:42:35,35.3,34.85,121,6,15,0
20-01-17,12:43:35,35.3,34.85,120,8,15,0
20-01-17,12:44:35,35.3,34.85,120,8,15,0
20-01-17,12:45:35,35.3,34.85,120,7,15,0
20-01-17,12:46:35,35.3,34.85,120,6,15,0
20-01-17,12:47:35,35.1,34.95,120,8,15,0
20-01-17,12:48:35,35.05,34.95,120,7,15,0
20-01-17,12:49:35,35.3,34.95,120,8,15,0
20-01-17,12:50:35,35.45,35.05,120,7,15,0
20-01-17,12:51:35,35.45,35.1,121,8,15,0
20-01-17,12:52:35,35.5,35.1,120,7,15,0
20-01-17,12:53:35,35.5,35.1,120,6,15,0
20-01-17,12:54:35,35.5,35.1,121,6,15,0
20-01-17,12:55:35,35.45,35.05,121,8,15,0
20-01-17,12:56:36,35.35,34.95,121,8,15,0
20-01-17,12:57:36,35.3,35.1,121,6,15,0
20-01-17,12:58:36,35.3,35.1,121,6,15,0
20-01-17,12:59:36,35.5,35.1,121,6,15,0
20-01-17,13:00:36,35.5,35.1,121,8,15,0
20-01-17,13:01:36,35.5,35.1,121,7,15,0
20-01-17,13:02:36,35.5,35.1,121,6,15,0
20-01-17,13:03:36,35.5,35.1,121,6,15,0
20-01-17,13:04:36,35.6,35.1,121,8,15,0
20-01-17,13:05:36,35.6,35.2,121,7,15,0
20-01-17,13:06:36,35.5,35.2,121,8,15,0
20-01-17,13:07:36,35.3,35.2,121,8,15,0
20-01-17,13:08:36,35.3,35.2,122,7,15,0
20-01-17,13:09:36,35.6,35.2,122,6,15,0
20-01-17,13:10:36,35.6,35.2,122,7,15,0
20-01-17,13:11:36,35.6,35.2,122,8,15,0
20-01-17,13:12:36,35.6,35.2,122,6,15,0
20-01-17,13:13:36,35.6,35.2,122,6,15,0
20-01-17,13:14:36,35.6,35.2,122,8,15,0
20-01-17,13:15:36,35.6,35.2,122,6,15,0
20-01-17,13:16:36,35.6,35.2,122,8,15,0
20-01-17,13:17:36,35.35,35.3,122,8,15,0
20-01-17,13:18:36,35.35,35.3,122,8,15,0
20-01-17,13:19:37,35.6,35.3,123,6,15,0
20-01-17,13:20:37,35.7,35.3,123,6,15,0
20-01-17,13:21:37,35.6,35.3,123,6,15,0
20-01-17,13:22:37,35.6,35.2,123,8,15,0
20-01-17,13:23:37,35.7,35.3,123,7,15,1
20-01-17,13:24:37,35.7,35.3,123,8,15,1
20-01-17,13:25:37,35.7,35.3,123,7,15,1
20-01-17,13:26:37,35.7,35.3,123,8,15,1
20-01-17,13:27:37,35.45,35.3,123,7,15,1
20-01-17,13:28:37,35.45,35.3,123,8,16,1
20-01-17,13:29:37,35.7,35.3,123,7,16,1
20-01-17,13:30:37,35.7,35.3,123,8,16,1
20-01-17,13:31:37,35.75,35.3,123,6,16,1
20-01-17,13:32:37,35.7,35.3,123,8,16,1
20-01-17,13:33:37,35.7,35.3,123,7,16,1
20-01-17,13:34:37,35.75,35.3,123,6,16,1
20-01-17,13:35:37,35.7,35.3,123,7,16,1
20-01-17,13:36:37,35.7,35.3,124,8,16,1
20-01-17,13:37:37,35.45,35.35,124,7,16,1
20-01-17,13:38:37,35.45,35.35,124,8,16,1
20-01-17,13:39:37,35.7,35.3,124,6,16,1
20-01-17,13:40:37,35.75,35.3,124,8,16,1
20-01-17,13:41:37,35.75,35.3,124,8,16,1
20-01-17,13:42:38,35.75,35.35,124,8,16,1
20-01-17,13:43:38,35.75,35.35,124,7,16,1
20-01-17,13:44:38,35.75,35.35,124,8,16,1
20-01-17,13:45:38,35.75,35.35,124,6,16,1
20-01-17,13:46:38,35.75,35.35,124,6,16,1
20-01-17,13:47:38,35.5,35.45,124,8,16,1
20-01-17,13:48:38,35.5,35.35,124,7,16,1
20-01-17,13:49:38,35.75,35.35,124,8,16,1
20-01-17,13:50:38,35.85,35.35,124,8,16,1
20-01-17,13:51:38,35.85,35.35,124,6,16,1
20-01-17,13:52:38,35.85,35.35,124,6,16,1
20-01-17,13:53:38,35.85,35.35,124,6,16,1
20-01-17,13:54:38,35.85,35.45,124,8,16,1
20-01-17,13:55:38,35.85,35.45,124,6,16,1
20-01-17,13:56:38,35.85,35.45,124,8,16,1
20-01-17,13:57:38,35.6,35.45,124,6,16,1
20-01-17,13:58:38,35.6,35.45,124,7,16,1
20-01-17,13:59:38,35.85,35.45,124,7,16,1
20-01-17,14:00:38,35.85,35.45,124,6,16,1
20-01-17,14:01:38,35.85,35.45,124,7,16,1
20-01-17,14:02:38,35.9,35.45,124,8,16,1
20-01-17,14:03:38,35.9,35.45,125,8,16,1
20-01-17,14:04:38,35.85,35.45,124,8,16,1
20-01-17,14:05:39,35.9,35.45,124,7,16,1
20-01-17,14:06:39,35.85,35.45,125,8,16,1
20-01-17,14:07:39,35.6,35.45,125,6,16,1
20-01-17,14:08:39,35.7,35.5,125,6,16,1
20-01-17,14:09:39,35.9,35.5,125,8,16,1
20-01-17,14:10:39,35.9,35.5,125,7,16,1
20-01-17,14:11:39,35.9,35.45,125,8,16,1
20-01-17,14:12:39,35.9,35.5,125,7,16,1
20-01-17,14:13:39,35.9,35.5,125,8,16,1
20-01-17,14:14:39,35.9,35.5,125,6,16,1
20-01-17,14:15:39,35.9,35.5,125,8,16,1
20-01-17,14:16:39,35.9,35.5,125,8,16,1
20-01-17,14:17:39,35.7,35.5,125,7,16,1
20-01-17,14:18:39,35.7,35.5,125,7,16,1
20-01-17,14:19:39,35.9,35.5,125,8,16,1
20-01-17,14:20:39,35.9,35.5,125,8,16,1
20-01-17,14:21:39,35.9,35.5,125,8,16,1
20-01-17,14:22:39,35.9,35.5,125,6,16,1
20-01-17,14:23:39,36,35.5,125,8,16,1
20-01-17,14:24:39,36,35.6,125,7,16,1
20-01-17,14:25:39,36,35.6,125,6,16,1
20-01-17,14:26:39,36,35.6,125,8,16,1
20-01-17,14:27:39,35.75,35.6,125,8,16,1
20-01-17,14:28:39,35.75,35.6,125,6,16,1
20-01-17,14:29:40,36,35.6,125,7,16,1
20-01-17,14:30:40,36,35.6,125,8,16,1
20-01-17,14:31:40,36,35.6,125,8,16,1
20-01-17,14:32:40,36.1,35.6,125,8,16,1
20-01-17,14:33:40,36,35.6,125,6,16,1
20-01-17,14:34:40,36,35.6,125,7,16,1
20-01-17,14:35:40,36.1,35.6,125,8,16,1
20-01-17,14:36:40,36.1,35.6,125,6,16,1
20-01-17,14:37:40,35.85,35.7,125,8,16,1
20-01-17,14:38:40,35.85,35.7,125,6,16,1
20-01-17,14:39:40,36.1,35.7,125,7,16,1
20-01-17,14:40:40,36.1,35.7,125,6,16,1
20-01-17,14:41:40,36.1,35.7,125,8,16,1
20-01-17,14:42:40,36.1,35.7,125,8,16,1
20-01-17,14:43:40,36.1,35.7,125,7,16,1
20-01-17,14:44:40,36.1,35.7,125,6,16,1
20-01-17,14:45:40,36.1,35.7,125,8,16,1
20-01-17,14:46:40,36.1,35.7,125,7,16,1
20-01-17,14:47:40,35.9,35.75,125,7,16,1
20-01-17,14:48:40,35.85,35.75,125,8,16,1
20-01-17,14:49:40,36.1,35.75,125,6,16,1
20-01-17,14:50:40,36.15,35.75,125,8,16,1
20-01-17,14:51:40,36.15,35.75,125,6,16,1
20-01-17,14:52:41,36.15,35.75,125,6,16,1
20-01-17,14:53:41,36.15,35.75,125,6,16,1
20-01-17,14:54:41,36.15,35.75,125,6,16,1
20-01-17,14:55:41,36.15,35.75,125,7,16,1
20-01-17,14:56:41,36.15,35.75,125,7,16,1
20-01-17,14:57:41,35.9,35.85,125,7,16,1
20-01-17,14:58:41,35.9,35.75,125,8,16,1
20-01-17,14:59:41,36.15,35.75,125,7,16,1
20-01-17,15:00:41,36.15,35.75,125,7,16,1
20-01-17,15:01:41,36.15,35.75,125,8,16,1
20-01-17,15:02:41,36.25,35.75,125,7,16,1
20-01-17,15:03:41,36.15,35.75,125,8,16,1
20-01-17,15:04:41,36.25,35.85,125,7,16,1
20-01-17,15:05:41,36.25,35.85,125,6,16,1
20-01-17,15:06:41,36.25,35.85,125,8,16,1
20-01-17,15:07:41,36,35.85,125,7,16,1
20-01-17,15:08:41,36,35.85,125,8,16,1
20-01-17,15:09:41,36.25,35.85,125,8,16,1
20-01-17,15:10:41,36.25,35.85,125,7,16,1
20-01-17,15:11:41,36.25,35.85,125,6,16,1
20-01-17,15:12:41,36.25,35.85,125,8,16,1
20-01-17,15:13:41,36.35,35.85,125,8,16,1
20-01-17,15:14:41,36.35,35.85,125,7,16,1
20-01-17,15:15:42,36.25,35.9,126,6,16,1
20-01-17,15:16:42,36.35,35.9,125,8,16,1
20-01-17,15:17:42,36.1,35.9,126,6,16,1
20-01-17,15:18:42,36.1,35.9,125,7,16,1
20-01-17,15:19:42,36.35,35.9,125,7,16,1
20-01-17,15:20:42,36.35,35.9,126,8,16,1
20-01-17,15:21:42,36.35,35.9,125,7,16,1
20-01-17,15:22:42,36.35,35.9,125,7,16,1
20-01-17,15:23:42,36.35,35.9,125,7,16,1
20-01-17,15:24:42,36.35,35.9,125,7,16,1
20-01-17,15:25:42,36.35,35.9,126,6,16,1
20-01-17,15:26:42,36.35,36,125,6,16,1
20-01-17,15:27:42,36.15,36,125,8,16,1
20-01-17,15:28:42,36.15,36,125,6,16,1
20-01-17,15:29:42,36.4,36,125,8,16,1
20-01-17,15:30:42,36.4,36,125,7,16,1
20-01-17,15:31:42,36.4,36,125,7,16,1
20-01-17,15:32:42,36.4,36,125,6,16,1
20-01-17,15:33:42,36.4,36,125,6,16,1
20-01-17,15:34:42,36.4,36,125,7,16,1
20-01-17,15:35:42,36.4,36,125,7,16,1
20-01-17,15:36:42,36.4,36,125,7,16,1
20-01-17,15:37:42,36.25,36.1,125,6,16,1
20-01-17,15:38:43,36.15,36.1,125,7,16,1
20-01-17,15:39:43,36.4,36,125,8,16,1
20-01-17,15:40:43,36.5,36.1,125,6,16,1
20-01-17,15:41:43,36.5,36.1,125,6,16,1
20-01-17,15:42:43,36.4,36.1,125,7,16,1
20-01-17,15:43:43,36.5,36.1,125,7,16,1
20-01-17,15:44:43,36.5,36.1,125,8,16,1
20-01-17,15:45:43,36.5,36.1,125,6,16,1
20-01-17,15:46:43,36.5,36.1,124,7,16,1
20-01-17,15:47:43,36.25,36.1,125,6,16,1
20-01-17,15:48:43,36.25,36.1,124,8,16,1
20-01-17,15:49:43,36.5,36.1,124,6,16,1
20-01-17,15:50:43,36.55,36.1,124,6,16,1
20-01-17,15:51:43,36.5,36.1,124,8,16,1
20-01-17,15:52:43,36.5,36.15,124,6,16,1
20-01-17,15:53:43,36.55,36.15,124,8,16,1
20-01-17,15:54:43,36.55,36.15,124,8,16,1
20-01-17,15:55:43,36.55,36.15,125,6,16,1
20-01-17,15:56:43,36.55,36.15,124,7,16,1
20-01-17,15:57:43,36.35,36.15,125,7,16,1
20-01-17,15:58:43,36.35,36.15,125,6,16,1
20-01-17,15:59:43,36.55,36.15,125,7,16,1
20-01-17,16:00:43,36.55,36.15,125,6,16,1
20-01-17,16:01:43,36.55,36.15,125,6,16,1
20-01-17,16:02:44,36.55,36.15,125,8,16,1
20-01-17,16:03:44,36.65,36.15,125,6,16,1
20-01-17,16:04:44,36.65,36.15,125,7,16,1
20-01-17,16:05:44,36.65,36.15,125,8,16,1
20-01-17,16:06:44,36.65,36.15,125,6,16,1
20-01-17,16:07:44,36.4,36.25,125,8,16,1
20-01-17,16:08:44,36.35,36.25,125,7,16,1
20-01-17,16:09:44,36.65,36.15,125,6,16,1
20-01-17,16:10:44,36.65,36.25,125,8,16,1
20-01-17,16:11:44,36.65,36.25,125,8,16,1
20-01-17,16:12:44,36.65,36.25,125,7,16,1
20-01-17,16:13:44,36.65,36.25,125,6,16,1
20-01-17,16:14:44,36.65,36.25,125,8,16,1
20-01-17,16:15:44,36.75,36.25,125,8,16,1
20-01-17,16:16:44,36.75,36.25,124,7,16,1
20-01-17,16:17:44,36.4,36.35,125,8,16,1
20-01-17,16:18:44,36.4,36.25,125,7,16,1
20-01-17,16:19:44,36.75,36.25,124,7,16,1
20-01-17,16:20:44,36.75,36.25,124,6,16,1
20-01-17,16:21:44,36.75,36.25,125,8,16,1
20-01-17,16:22:44,36.75,36.35,125,7,16,1
20-01-17,16:23:44,36.65,36.35,125,7,16,1
20-01-17,16:24:44,36.75,36.35,125,8,16,1
20-01-17,16:25:45,36.75,36.35,125,6,16,1
20-01-17,16:26:45,36.75,36.35,125,7,16,1
20-01-17,16:27:45,36.5,36.35,125,6,16,1
20-01-17,16:28:45,36.75,36.35,125,7,16,1
20-01-17,16:29:45,36.65,36.25,125,8,16,1
20-01-17,16:30:45,36.65,36.25,125,8,16,1
20-01-17,16:31:45,36.65,36.25,125,7,16,1
20-01-17,16:32:45,36.75,36.25,124,6,16,1
20-01-17,16:33:45,36.75,36.25,124,6,16,1
20-01-17,16:34:45,36.75,36.25,125,8,16,1
20-01-17,16:35:45,36.75,36.25,125,8,16,1
20-01-17,16:36:45,36.75,36.25,125,7,16,1
20-01-17,16:37:45,36.5,36.35,125,7,16,1
20-01-17,16:38:45,36.5,36.35,125,8,16,1
20-01-17,16:39:45,36.75,36.35,125,6,16,1
20-01-17,16:40:45,36.75,36.35,125,7,15,1
20-01-17,16:41:45,36.75,36.35,125,8,15,1
20-01-17,16:42:45,36.8,36.35,125,7,15,1
20-01-17,16:43:45,36.8,36.35,125,8,15,1
20-01-17,16:44:45,36.8,36.35,125,6,15,1
20-01-17,16:45:45,36.8,36.35,125,8,15,1
20-01-17,16:46:45,36.8,36.4,125,7,15,1
20-01-17,16:47:45,36.55,36.4,125,8,15,1
20-01-17,16:48:46,36.55,36.4,125,7,15,1
20-01-17,16:49:46,36.8,36.4,125,7,15,1
20-01-17,16:50:46,36.8,36.4,125,7,15,1
20-01-17,16:51:46,36.8,36.4,125,7,15,1
20-01-17,16:52:46,36.8,36.4,125,7,15,1
20-01-17,16:53:46,36.9,36.4,125,6,15,1
20-01-17,16:54:46,36.9,36.4,125,8,15,1
20-01-17,16:55:46,36.9,36.4,125,6,15,1
20-01-17,16:56:46,36.9,36.5,125,6,15,1
20-01-17,16:57:46,36.65,36.5,125,8,15,1
20-01-17,16:58:46,36.55,36.5,125,7,15,1
20-01-17,16:59:46,36.9,36.5,125,8,15,1
20-01-17,17:00:46,36.75,36.5,125,6,15,1
20-01-17,17:01:46,36.65,36.5,125,7,15,1
20-01-17,17:02:46,36.65,36.5,125,7,15,1
20-01-17,17:03:46,36.65,36.5,125,6,15,1
20-01-17,17:04:46,36.55,36.5,125,6,15,1
20-01-17,17:05:46,36.65,36.5,124,8,15,1
20-01-17,17:06:46,36.65,36.5,125,7,15,1
20-01-17,17:07:46,36.65,36.5,124,6,15,1
20-01-17,17:08:46,36.55,36.5,124,7,15,1
20-01-17,17:09:46,36.65,36.5,125,8,15,1
20-01-17,17:10:46,36.65,36.5,124,7,15,1
20-01-17,17:11:46,36.65,36.5,124,6,15,1
20-01-17,17:12:47,36.65,36.5,124,8,15,1
20-01-17,17:13:47,36.65,36.5,124,8,15,1
20-01-17,17:14:47,36.55,36.5,124,8,15,1
20-01-17,17:15:47,36.65,36.5,124,6,15,1
20-01-17,17:16:47,36.55,36.5,124,7,15,1
20-01-17,17:17:47,36.65,36.5,124,6,15,1
20-01-17,17:18:47,36.65,36.5,124,7,15,1
20-01-17,17:19:47,36.55,36.5,124,7,15,1
20-01-17,17:20:47,36.8,36.5,124,8,15,1
20-01-17,17:21:47,36.9,36.5,124,7,15,1
20-01-17,17:22:47,36.9,36.5,124,6,15,1
20-01-17,17:23:47,36.9,36.5,124,8,15,1
20-01-17,17:24:47,36.9,36.5,124,7,15,1
20-01-17,17:25:47,36.9,36.4,124,7,15,1
20-01-17,17:26:47,36.9,36.5,124,6,15,1
20-01-17,17:27:47,36.75,36.5,124,6,15,1
20-01-17,17:28:47,36.55,36.5,124,8,15,1
20-01-17,17:29:47,36.55,36.5,124,6,15,1
20-01-17,17:30:47,36.55,36.5,124,6,15,1
20-01-17,17:31:47,36.55,36.5,124,6,15,1
20-01-17,17:32:47,36.55,36.5,124,8,15,1
20-01-17,17:33:47,36.55,36.5,124,7,15,1
20-01-17,17:34:47,36.55,36.5,124,8,15,1
20-01-17,17:35:48,36.55,36.5,124,6,15,1
20-01-17,17:36:48,36.55,36.5,124,7,15,1
20-01-17,17:37:48,36.65,36.5,124,7,15,1
20-01-17,17:38:48,36.55,36.5,124,8,15,1
20-01-17,17:39:48,36.55,36.5,124,8,15,1
20-01-17,17:40:48,36.55,36.5,124,8,15,1
20-01-17,17:41:48,36.55,36.5,124,7,15,1
20-01-17,17:42:48,36.55,36.5,124,6,15,1
20-01-17,17:43:48,36.55,36.5,124,8,15,1
20-01-17,17:44:48,36.55,36.5,124,6,15,1
20-01-17,17:45:48,36.55,36.5,124,8,15,1
20-01-17,17:46:48,36.55,36.5,124,8,15,1
20-01-17,17:47:48,36.8,36.4,124,7,15,1
20-01-17,17:48:48,36.9,36.5,124,8,15,1
20-01-17,17:49:48,36.9,36.4,124,7,15,1
20-01-17,17:50:48,36.9,36.4,124,8,15,1
20-01-17,17:51:48,36.9,36.4,124,8,15,1
20-01-17,17:52:48,36.9,36.4,124,8,15,1
20-01-17,17:53:48,36.9,36.4,124,6,15,1
20-01-17,17:54:48,36.65,36.5,124,6,15,1
20-01-17,17:55:48,36.55,36.5,124,8,15,1
20-01-17,17:56:48,36.55,36.5,124,6,15,1
20-01-17,17:57:48,36.55,36.5,124,6,15,1
20-01-17,17:58:49,36.55,36.5,124,7,15,1
20-01-17,17:59:49,36.55,36.5,124,8,15,1
20-01-17,18:00:49,36.55,36.5,124,7,15,1
20-01-17,18:01:49,36.55,36.5,124,8,15,1
20-01-17,18:02:49,36.55,36.5,124,6,15,1
20-01-17,18:03:49,36.55,36.5,124,6,15,1
20-01-17,18:04:49,36.55,36.5,124,8,15,1
20-01-17,18:05:49,36.55,36.4,124,7,15,1
20-01-17,18:06:49,36.55,36.4,124,8,15,1
20-01-17,18:07:49,36.55,36.5,124,6,15,1
20-01-17,18:08:49,36.55,36.4,124,6,15,1
20-01-17,18:09:49,36.55,36.4,124,6,15,1
20-01-17,18:10:49,36.55,36.4,123,6,15,1
20-01-17,18:11:49,36.55,36.4,123,6,15,1
20-01-17,18:12:49,36.55,36.4,124,6,15,1
20-01-17,18:13:49,36.5,36.4,123,8,15,1
20-01-17,18:14:49,36.75,36.4,123,6,15,1
20-01-17,18:15:49,36.8,36.4,123,7,15,1
20-01-17,18:16:49,36.9,36.4,124,7,15,1
20-01-17,18:17:49,36.8,36.4,124,7,15,1
20-01-17,18:18:49,36.9,36.4,124,8,15,1
20-01-17,18:19:49,36.9,36.4,124,8,15,1
20-01-17,18:20:49,36.8,36.4,123,8,15,1
20-01-17,18:21:50,36.65,36.4,123,8,15,1
20-01-17,18:22:50,36.55,36.4,123,7,15,1
20-01-17,18:23:50,36.55,36.4,123,7,15,1
20-01-17,18:24:50,36.55,36.4,123,7,15,1
20-01-17,18:25:50,36.55,36.4,123,7,15,1
20-01-17,18:26:50,36.5,36.4,123,6,15,1
20-01-17,18:27:50,36.5,36.4,123,7,15,1
20-01-17,18:28:50,36.5,36.4,123,7,15,1
20-01-17,18:29:50,36.5,36.4,123,6,15,1
20-01-17,18:30:50,36.5,36.4,123,7,15,1
20-01-17,18:31:50,36.5,36.4,123,8,15,1
20-01-17,18:32:50,36.5,36.4,123,6,15,1
20-01-17,18:33:50,36.5,36.4,123,6,15,1
20-01-17,18:34:50,36.55,36.4,123,6,15,1
20-01-17,18:35:50,36.5,36.4,123,7,15,1
20-01-17,18:36:50,36.5,36.4,123,8,15,1
20-01-17,18:37:50,36.5,36.4,123,8,15,1
20-01-17,18:38:50,36.5,36.4,123,8,15,1
20-01-17,18:39:50,36.55,36.4,122,6,15,1
20-01-17,18:40:50,36.5,36.4,122,7,15,1
20-01-17,18:41:50,36.75,36.4,122,6,15,1
20-01-17,18:42:50,36.8,36.4,122,8,15,1
20-01-17,18:43:50,36.8,36.4,122,8,15,1
20-01-17,18:44:51,36.8,36.4,122,7,15,1
20-01-17,18:45:51,36.8,36.35,122,8,15,1
20-01-17,18:46:51,36.8,36.35,122,8,15,1
20-01-17,18:47:51,36.8,36.4,122,8,15,1
20-01-17,18:48:51,36.55,36.4,122,7,15,1
20-01-17,18:49:51,36.5,36.4,122,6,15,1
20-01-17,18:50:51,36.5,36.4,122,8,15,1
20-01-17,18:51:51,36.55,36.4,122,8,15,1
20-01-17,18:52:51,36.5,36.4,122,7,15,1
20-01-17,18:53:51,36.5,36.4,122,8,15,1
20-01-17,18:54:51,36.5,36.4,122,6,15,1
20-01-17,18:55:51,36.5,36.4,122,6,15,1
20-01-17,18:56:51,36.5,36.4,122,8,15,1
20-01-17,18:57:51,36.5,36.4,122,7,15,1
20-01-17,18:58:51,36.5,36.4,122,8,15,1
20-01-17,18:59:51,36.5,36.4,122,6,15,1
20-01-17,19:00:51,36.5,36.4,122,8,15,1
20-01-17,19:01:51,36.5,36.4,122,7,15,1
20-01-17,19:02:51,36.5,36.35,122,7,15,1
20-01-17,19:03:51,36.5,36.4,122,7,15,1
20-01-17,19:04:51,36.5,36.4,122,8,15,1
20-01-17,19:05:51,36.5,36.35,122,8,15,1
20-01-17,19:06:51,36.5,36.35,122,7,15,1
20-01-17,19:07:51,36.5,36.35,122,6,15,1
20-01-17,19:08:52,36.75,36.35,122,6,15,1
20-01-17,19:09:52,36.8,36.35,121,6,15,1
20-01-17,19:10:52,36.8,36.35,122,8,15,1
20-01-17,19:11:52,36.8,36.35,121,7,15,1
20-01-17,19:12:52,36.8,36.35,121,7,15,1
20-01-17,19:13:52,36.8,36.35,121,7,15,1
20-01-17,19:14:52,36.75,36.35,121,6,15,1
20-01-17,19:15:52,36.55,36.35,121,6,15,1
20-01-17,19:16:52,36.5,36.4,121,7,15,1
20-01-17,19:17:52,36.5,36.4,121,8,15,1
20-01-17,19:18:52,36.5,36.35,121,6,15,1
20-01-17,19:19:52,36.5,36.4,121,8,15,1
20-01-17,19:20:52,36.5,36.35,121,6,15,1
20-01-17,19:21:52,36.5,36.4,121,8,15,1
20-01-17,19:22:52,36.5,36.35,121,8,15,1
20-01-17,19:23:52,36.4,36.35,121,8,15,1
20-01-17,19:24:52,36.5,36.4,121,8,15,1
20-01-17,19:25:52,36.4,36.35,121,8,15,1
20-01-17,19:26:52,36.4,36.35,121,6,15,1
20-01-17,19:27:52,36.5,36.25,121,7,15,1
20-01-17,19:28:52,36.4,36.35,121,6,15,1
20-01-17,19:29:52,36.5,36.35,121,6,15,1
20-01-17,19:30:52,36.4,36.35,121,8,15,1
20-01-17,19:31:53,36.4,36.35,121,7,15,1
20-01-17,19:32:53,36.4,36.35,121,7,15,1
20-01-17,19:33:53,36.5,36.35,121,7,15,1
20-01-17,19:34:53,36.4,36.35,121,8,15,1
20-01-17,19:35:53,36.65,36.35,121,7,15,1
20-01-17,19:36:53,36.75,36.35,121,6,15,1
20-01-17,19:37:53,36.75,36.25,121,8,15,1
20-01-17,19:38:53,36.75,36.35,121,8,15,1
20-01-17,19:39:53,36.75,36.35,121,7,15,1
20-01-17,19:40:53,36.75,36.35,121,7,15,1
20-01-17,19:41:53,36.75,36.35,121,7,15,1
20-01-17,19:42:53,36.5,36.35,121,8,15,1
20-01-17,19:43:53,36.5,36.35,121,8,15,1
20-01-17,19:44:53,36.4,36.35,121,7,15,1
20-01-17,19:45:53,36.4,36.35,121,6,15,1
20-01-17,19:46:53,36.4,36.35,120,7,15,1
20-01-17,19:47:53,36.4,36.35,120,6,15,1
20-01-17,19:48:53,36.4,36.35,121,8,15,1
20-01-17,19:49:53,36.4,36.35,121,7,15,1
20-01-17,19:50:53,36.35,36.25,121,6,15,1
20-01-17,19:51:53,36.35,36.25,120,8,15,1
20-01-17,19:52:53,36.35,36.25,120,6,15,1
20-01-17,19:53:53,36.35,36.25,120,8,15,1
20-01-17,19:54:54,36.35,36.25,120,8,15,1
20-01-17,19:55:54,36.4,36.25,120,8,15,1
20-01-17,19:56:54,36.4,36.35,120,8,15,1
20-01-17,19:57:54,36.4,36.25,120,8,15,1
20-01-17,19:58:54,36.4,36.25,120,6,15,1
20-01-17,19:59:54,36.4,36.25,120,8,15,1
20-01-17,20:00:54,36.4,36.25,120,8,15,1
20-01-17,20:01:54,36.4,36.25,120,7,15,1
20-01-17,20:02:54,36.65,36.25,120,8,15,1
20-01-17,20:03:54,36.75,36.25,120,6,15,1
20-01-17,20:04:54,36.75,36.25,120,8,15,1
20-01-17,20:05:54,36.65,36.25,120,7,15,1
20-01-17,20:06:54,36.65,36.25,120,7,15,1
20-01-17,20:07:54,36.65,36.25,120,8,15,1
20-01-17,20:08:54,36.65,36.25,120,8,15,1
20-01-17,20:09:54,36.5,36.25,120,6,15,1
20-01-17,20:10:54,36.4,36.25,120,6,15,1
20-01-17,20:11:54,36.4,36.25,120,8,15,1
20-01-17,20:12:54,36.35,36.25,120,6,15,1
20-01-17,20:13:54,36.35,36.25,120,6,15,1
20-01-17,20:14:54,36.35,36.25,120,6,15,1
20-01-17,20:15:54,36.35,36.25,120,8,15,1
20-01-17,20:16:54,36.35,36.25,120,8,15,1
20-01-17,20:17:55,36.35,36.25,120,7,15,1
20-01-17,20:18:55,36.4,36.25,120,6,15,1
20-01-17,20:19:55,36.35,36.15,120,6,15,1
20-01-17,20:20:55,36.35,36.25,120,7,15,1
20-01-17,20:21:55,36.35,36.25,120,7,15,1
20-01-17,20:22:55,36.35,36.25,120,6,15,1
20-01-17,20:23:55,36.35,36.25,120,6,15,1
20-01-17,20:24:55,36.35,36.25,120,7,15,1
20-01-17,20:25:55,36.35,36.25,120,7,15,1
20-01-17,20:26:55,36.35,36.15,120,8,15,1
20-01-17,20:27:55,36.35,36.15,120,7,15,1
20-01-17,20:28:55,36.35,36.15,120,7,15,1
20-01-17,20:29:55,36.65,36.15,120,6,15,1
20-01-17,20:30:55,36.55,36.15,120,7,15,1
20-01-17,20:31:55,36.55,36.15,120,8,15,1
20-01-17,20:32:55,36.5,36.15,120,6,15,1
20-01-17,20:33:55,36.5,36.15,120,8,15,1
20-01-17,20:34:55,36.55,36.1,119,8,15,1
20-01-17,20:35:55,36.55,36.15,119,6,15,1
20-01-17,20:36:55,36.35,36.15,119,8,15,1
20-01-17,20:37:55,36.25,36.15,119,6,15,1
20-01-17,20:38:55,36.25,36.15,119,7,15,1
20-01-17,20:39:55,36.25,36.15,119,6,15,1
20-01-17,20:40:56,36.25,36.15,119,7,15,0
20-01-17,20:41:56,36.25,36.15,119,6,15,0
20-01-17,20:42:56,36.25,36.15,119,7,15,0
20-01-17,20:43:56,36.25,36.1,119,8,15,0
20-01-17,20:44:56,36.25,36.15,119,8,15,0
20-01-17,20:45:56,36.25,36.1,119,7,15,0
20-01-17,20:46:56,36.25,36.15,119,6,15,0
20-01-17,20:47:56,36.15,36.1,119,6,15,0
20-01-17,20:48:56,36.25,36.1,119,8,15,0
20-01-17,20:49:56,36.25,36.1,119,7,15,0
20-01-17,20:50:56,36.25,36.15,119,7,15,0
20-01-17,20:51:56,36.25,36.1,119,8,15,0
20-01-17,20:52:56,36.15,36.15,119,8,15,0
20-01-17,20:53:56,36.25,36.15,119,7,15,0
20-01-17,20:54:56,36.25,36.15,119,7,15,0
20-01-17,20:55:56,36.15,36.15,119,8,15,0
20-01-17,20:56:56,36.4,36.1,119,8,15,0
20-01-17,20:57:56,36.5,36.1,119,6,15,0
20-01-17,20:58:56,36.5,36.1,119,8,15,0
20-01-17,20:59:56,36.5,36.1,119,7,15,0
20-01-17,21:00:56,36.5,36.1,119,6,15,0
20-01-17,21:01:56,36.5,36.1,119,7,15,0
20-01-17,21:02:56,36.5,36.1,119,7,15,0
20-01-17,21:03:57,36.25,36.1,119,8,15,0
20-01-17,21:04:57,36.25,36.1,119,8,15,0
20-01-17,21:05:57,36.15,36.1,119,6,15,0
20-01-17,21:06:57,36.15,36.1,119,7,15,0
20-01-17,21:07:57,36.15,36.1,119,8,15,0
20-01-17,21:08:57,36.15,36.1,119,6,15,0
20-01-17,21:09:57,36.15,36.1,119,7,15,0
20-01-17,21:10:57,36.15,36.1,119,8,15,0
20-01-17,21:11:57,36.15,36.1,119,7,15,0
20-01-17,21:12:57,36.15,36.1,119,6,15,0
20-01-17,21:13:57,36.15,36.1,119,6,15,0
20-01-17,21:14:57,36.15,36.1,119,8,15,0
20-01-17,21:15:57,36.15,36.1,119,8,15,0
20-01-17,21:16:57,36.15,36.1,119,8,14,0
20-01-17,21:17:57,36.1,36.1,119,8,14,0
20-01-17,21:18:57,36.1,36,119,8,14,0
20-01-17,21:19:57,36.1,36.1,119,8,14,0
20-01-17,21:20:57,36.1,36.1,119,7,14,0
20-01-17,21:21:57,36.1,36.1,119,6,14,0
20-01-17,21:22:57,36.1,36.1,119,8,14,0
20-01-17,21:23:57,36.35,36.1,119,6,14,0
20-01-17,21:24:57,36.4,36,119,8,14,0
20-01-17,21:25:57,36.4,36,119,8,14,0
20-01-17,21:26:58,36.4,36,119,6,14,0
20-01-17,21:27:58,36.4,36,119,7,14,0
20-01-17,21:28:58,36.4,36,119,6,14,0
20-01-17,21:29:58,36.4,36,119,7,14,0
20-01-17,21:30:58,36.25,36.1,119,8,14,0
20-01-17,21:31:58,36.15,36,119,6,14,0
20-01-17,21:32:58,36.15,36.1,119,8,14,0
20-01-17,21:33:58,36.15,36.1,119,8,14,0
20-01-17,21:34:58,36.1,36.1,119,7,14,0
20-01-17,21:35:58,36.1,36,119,6,14,0
20-01-17,21:36:58,36.1,36,119,8,14,0
20-01-17,21:37:58,36.1,36,119,6,14,0
20-01-17,21:38:58,36.1,36,119,6,14,0
20-01-17,21:39:58,36.1,36,119,6,14,0
20-01-17,21:40:58,36.1,36,119,7,14,0
20-01-17,21:41:58,36.1,36,119,7,14,0
20-01-17,21:42:58,36.1,36,119,8,14,0
20-01-17,21:43:58,36.1,36,118,6,14,0
20-01-17,21:44:58,36.1,35.9,118,8,14,0
20-01-17,21:45:58,36.1,35.9,118,7,14,0
20-01-17,21:46:58,36.1,35.9,118,7,14,0
20-01-17,21:47:58,36.1,36,118,6,14,0
20-01-17,21:48:58,36,35.9,118,6,14,0
20-01-17,21:49:59,36,36,118,6,14,0
20-01-17,21:50:59,36.25,35.9,119,6,14,0
20-01-17,21:51:59,36.35,35.9,118,6,14,0
20-01-17,21:52:59,36.4,35.9,118,6,14,0
20-01-17,21:53:59,36.35,36,118,6,14,0
20-01-17,21:54:59,36.35,35.9,118,7,14,0
20-01-17,21:55:59,36.35,35.9,118,6,14,0
20-01-17,21:56:59,36.35,35.9,119,6,14,0
20-01-17,21:57:59,36.15,35.9,118,8,14,0
20-01-17,21:58:59,36.1,36,119,7,14,0
20-01-17,21:59:59,36.1,35.9,118,7,14,0
20-01-17,22:00:59,36.1,36,118,8,14,0
20-01-17,22:01:59,36,35.9,118,8,14,0
20-01-17,22:02:59,36,35.9,118,7,14,0
20-01-17,22:03:59,36,35.9,118,7,14,0
20-01-17,22:04:59,36,35.9,118,6,14,0
20-01-17,22:05:59,36,35.9,118,7,14,0
20-01-17,22:06:59,36,35.9,118,7,14,0
20-01-17,22:07:59,36,35.9,118,6,14,0
20-01-17,22:08:59,36,35.9,118,7,14,0
20-01-17,22:09:59,36,35.9,118,8,14,0
20-01-17,22:10:59,36,35.9,118,8,14,0
20-01-17,22:11:59,36,35.9,118,6,14,0
20-01-17,22:13:00,35.9,35.85,118,8,14,0
20-01-17,22:14:00,35.9,35.85,118,8,14,0
20-01-17,22:15:00,36,35.85,118,8,14,0
20-01-17,22:16:00,36,35.85,118,6,14,0
20-01-17,22:17:00,35.9,35.85,118,6,14,0
20-01-17,22:18:00,36.15,35.9,118,7,14,0
20-01-17,22:19:00,36.25,35.85,118,8,14,0
20-01-17,22:20:00,36.35,35.9,118,6,14,0
20-01-17,22:21:00,36.35,35.85,118,6,14,0
20-01-17,22:22:00,36.25,35.85,118,6,14,0
20-01-17,22:23:00,36.25,35.85,118,6,14,0
20-01-17,22:24:00,36.25,35.9,118,6,14,0
20-01-17,22:25:00,36.1,35.9,118,7,14,0
20-01-17,22:26:00,36,35.85,118,6,14,0
20-01-17,22:27:00,36,35.9,118,6,14,0
20-01-17,22:28:00,36,35.85,118,7,14,0
20-01-17,22:29:00,35.9,35.9,118,8,14,0
20-01-17,22:30:00,35.9,35.85,118,8,14,0
20-01-17,22:31:00,35.9,35.9,118,8,14,0
20-01-17,22:32:00,35.9,35.85,118,6,14,0
20-01-17,22:33:00,35.9,35.85,118,6,14,0
20-01-17,22:34:00,35.9,35.85,118,6,14,0
20-01-17,22:35:00,35.9,35.85,118,6,14,0
20-01-17,22:36:01,35.9,35.85,118,8,14,0
20-01-17,22:37:01,35.85,35.85,118,7,14,0
20-01-17,22:38:01,35.85,35.85,118,8,14,0
20-01-17,22:39:01,35.85,35.75,118,8,14,0
20-01-17,22:40:01,35.85,35.85,118,8,14,0
20-01-17,22:41:01,35.85,35.85,118,7,14,0
20-01-17,22:42:01,35.85,35.85,118,7,14,0
20-01-17,22:43:01,35.85,35.75,118,8,14,0
20-01-17,22:44:01,35.85,35.75,118,8,14,0
20-01-17,22:45:01,36.1,35.75,118,6,14,0
20-01-17,22:46:01,36.25,35.85,118,8,14,0
20-01-17,22:47:01,36.25,35.85,118,6,14,0
20-01-17,22:48:01,36.25,35.85,118,8,14,0
20-01-17,22:49:01,36.25,35.85,118,7,14,0
20-01-17,22:50:01,36.25,35.85,118,6,14,0
20-01-17,22:51:01,36.25,35.85,118,6,14,0
20-01-17,22:52:01,36,35.85,118,7,14,0
20-01-17,22:53:01,35.9,35.85,118,7,14,0
20-01-17,22:54:01,35.9,35.85,118,6,14,0
20-01-17,22:55:01,35.9,35.85,118,7,14,0
20-01-17,22:56:01,35.9,35.85,118,6,14,0
20-01-17,22:57:01,35.85,35.85,118,6,14,0
20-01-17,22:58:01,35.85,35.85,118,6,14,0
20-01-17,22:59:02,35.85,35.85,118,8,14,0
20-01-17,23:00:02,35.85,35.75,118,8,14,0
20-01-17,23:01:02,35.85,35.75,118,7,14,0
20-01-17,23:02:02,35.85,35.75,118,6,14,0
20-01-17,23:03:02,35.85,35.75,118,7,14,0
20-01-17,23:04:02,35.85,35.75,118,6,14,0
20-01-17,23:05:02,35.85,35.75,118,6,14,0
20-01-17,23:06:02,35.85,35.75,118,7,14,0
20-01-17,23:07:02,35.85,35.7,118,7,14,0
20-01-17,23:08:02,35.85,35.7,118,8,14,0
20-01-17,23:09:02,35.85,35.7,118,6,14,0
20-01-17,23:10:02,35.85,35.7,118,7,14,0
20-01-17,23:11:02,35.85,35.7,118,8,14,0
20-01-17,23:12:02,36.1,35.75,118,8,14,0
20-01-17,23:13:02,36.15,35.75,118,7,14,0
20-01-17,23:14:02,36.15,35.75,118,7,14,0
20-01-17,23:15:02,36.15,35.75,118,7,14,0
20-01-17,23:16:02,36.15,35.75,117,8,14,0
20-01-17,23:17:02,36.15,35.75,118,6,14,0
20-01-17,23:18:02,36.15,35.75,117,8,14,0
20-01-17,23:19:02,35.9,35.75,117,6,14,0
20-01-17,23:20:02,35.85,35.75,117,7,14,0
20-01-17,23:21:02,35.85,35.75,117,8,14,0
20-01-17,23:22:03,35.85,35.75,117,6,14,0
20-01-17,23:23:03,35.75,35.75,117,7,14,0
20-01-17,23:24:03,35.75,35.75,117,6,14,0
20-01-17,23:25:03,35.75,35.75,117,6,14,0
20-01-17,23:26:03,35.75,35.75,117,7,14,0
20-01-17,23:27:03,35.7,35.7,117,8,14,0
20-01-17,23:28:03,35.7,35.7,117,6,14,0
20-01-17,23:29:03,35.7,35.7,117,7,14,0
20-01-17,23:30:03,35.7,35.75,117,7,14,0
20-01-17,23:31:03,35.7,35.7,117,7,14,0
20-01-17,23:32:03,35.7,35.7,117,8,14,0
20-01-17,23:33:03,35.7,35.7,117,6,14,0
20-01-17,23:34:03,35.7,35.7,117,7,14,0
20-01-17,23:35:03,35.7,35.7,117,6,14,0
20-01-17,23:36:03,35.7,35.7,117,8,14,0
20-01-17,23:37:03,35.7,35.6,117,7,14,0
20-01-17,23:38:03,35.7,35.7,117,8,14,0
20-01-17,23:39:03,35.9,35.7,117,7,14,0
20-01-17,23:40:03,36.1,35.7,117,7,14,0
20-01-17,23:41:03,36.1,35.7,117,7,14,0
20-01-17,23:42:03,36.1,35.7,117,8,14,0
20-01-17,23:43:03,36.1,35.7,117,7,14,0
20-01-17,23:44:03,36.1,35.7,117,7,14,0
20-01-17,23:45:04,36.1,35.7,117,7,14,0
20-01-17,23:46:04,35.85,35.7,117,6,14,0
20-01-17,23:47:04,35.75,35.7,117,7,14,0
20-01-17,23:48:04,35.75,35.7,117,6,14,0
20-01-17,23:49:04,35.75,35.7,117,6,14,0
20-01-17,23:50:04,35.75,35.7,117,7,14,0
20-01-17,23:51:04,35.7,35.7,117,7,14,0
20-01-17,23:52:04,35.75,35.7,117,8,14,0
20-01-17,23:53:04,35.7,35.7,117,7,14,0
20-01-17,23:54:04,35.75,35.6,117,7,14,0
20-01-17,23:55:04,35.75,35.6,117,6,14,0
20-01-17,23:56:04,35.7,35.6,117,7,14,0
20-01-17,23:57:04,35.7,35.6,117,8,14,0
20-01-17,23:58:04,35.75,35.6,117,7,14,0
20-01-17,23:59:04,35.7,35.6,117,6,14,0
